use Societ‡†_di_esports;

insert into Staff values 
	("DVPSPH65L03I356Z", "Montefusco", "Antonio"),
    ("LKACHD49T15A525Y", "Asenso", "Alda"),
    ("SVHJGV64M15F816L", "Sgardello", "Nilde"),
    ("BBWFLO36H29L664K", "Cracco", "Carlo"),
    ("YWRQMZ76D67I858J", "Costanzo", "Maurizio"),
    ("SNRTPG32C43I102V", "Signorini", "Alberto"), 
    ("REOQHV87E11H534P", "Bonolis", "Paolo"),
    ("SLQJCY65R08F590M", "Mengoni", "Marco"),
    ("DDDTVQ52C01F574M", "Pantani", "Marco"),
    ("TPKCRZ46M58L296H", "Bottecchia", "Luigi"),
    ("SPAPCD98R45A176X", "Merluzzo", "Maurizio"),
    ("XPNCZH82A02G684B", "Leandri", "Marco"),
    ("GHHDTM74A42D251I", "Berlusconi", "Silvio"),
    ("XBZLFR68E07B533H", "Salvini", "Matteo"),
    ("LTBHML55A53E258T", "Renzi", "Matteo"),
    ("HZQFNZ93M01I065M", "Fragola", "Lorenzo"),
    ("PCZNDG81R52D102W", "Scarponi", "Antonio"),
    ("PNKVRT80C68G309T", "Fabbri", "Daniele"),
    ("CRZHKH67S66B238O", "Merrino", "Marco"),
    ("GHPBTQ35B10I813B", "Baldo", "Lifonti"),
    ("PGCXGW68H54I625K", "Meloni", "Giorgia"),
    ("HDPKDP51E09M126Y", "Jovanotti", "Lorenzo"),
    ("JZZPQZ41T10C525P", "Alighieri", "Dante"),
    ("WDCQWP38E58Z903C", "Basso", "Daniele");
  
insert into Recapito values
	("7308203721", "DVPSPH65L03I356Z"),
	("7081659407", "LKACHD49T15A525Y"),
	("7963319936", "SVHJGV64M15F816L"),
	("3453835983", "BBWFLO36H29L664K"),
	("7562413260", "YWRQMZ76D67I858J"),
	("3444347071", "SNRTPG32C43I102V"),
	("3526125422", "REOQHV87E11H534P"),
	("8549866989", "SLQJCY65R08F590M"),
	("3377175228", "DDDTVQ52C01F574M"),
	("5587039338", "TPKCRZ46M58L296H"),
	("8874473316", "SPAPCD98R45A176X"),
	("9487019885", "XPNCZH82A02G684B"),
	("7241274053", "GHHDTM74A42D251I"),
	("3720161830", "XBZLFR68E07B533H"),
	("2823812350", "LTBHML55A53E258T"),
	("9176682965", "HZQFNZ93M01I065M"),
	("9596679792", "PCZNDG81R52D102W"),
	("2544779728", "PNKVRT80C68G309T"),
	("0568765245", "CRZHKH67S66B238O"),
	("3150120382", "GHPBTQ35B10I813B"),
	("3660643533", "PGCXGW68H54I625K"),
	("0286810394", "HDPKDP51E09M126Y"),
	("4467496789", "JZZPQZ41T10C525P"),
	("4009362763", "WDCQWP38E58Z903C");
    
insert into Tecnico values
	("DVPSPH65L03I356Z", "Controlla i pc durante i tornei."),
    ("LKACHD49T15A525Y", "Si assicura che la connessione funzioni durante i gli allenamenti."),
    ("SVHJGV64M15F816L", "Controlla i pc durante gli allenamenti."),
    ("BBWFLO36H29L664K", "Controlla i pc durante i tornei."),
    ("YWRQMZ76D67I858J", "Si assicura che la connessione funzioni durante i tornei."),
    ("SNRTPG32C43I102V", "Controlla i pc durante le partite amichevoli"),
    ("REOQHV87E11H534P", "Si assicura che la connessione funzioni durante le partite amichevoli."),
    ("SLQJCY65R08F590M", "Si assicura che la connessione funzioni durante i tornei."),
    ("DDDTVQ52C01F574M", "Controlla i pc durante i tornei.");
    
insert into Coach values
	("TPKCRZ46M58L296H", "5"),
    ("SPAPCD98R45A176X", "10"), 
    ("XPNCZH82A02G684B", "3"),
    ("GHHDTM74A42D251I", "0"),
    ("XBZLFR68E07B533H", "0"), 
    ("LTBHML55A53E258T", "1"), 
    ("HZQFNZ93M01I065M", "3"), 
    ("PCZNDG81R52D102W", "11"), 
    ("PNKVRT80C68G309T", "14"), 
    ("CRZHKH67S66B238O", "2"),  
    ("GHPBTQ35B10I813B", "4"),
    ("PGCXGW68H54I625K", "12"),
    ("HDPKDP51E09M126Y", "1"), 
    ("JZZPQZ41T10C525P", "2"); 
    
insert into Manager values
	("WDCQWP38E58Z903C");
insert into Torneo(nome, data,numero_team)values
	("League of Legends World Championship", "2020-12-22", "14"),
    ("LoL World Tournament", "2018-11-11", "14"),
    ("Giro della Landa degli Evocatori", "2020-02-29", "14"),
    ("The Ultimate Tournament","2007-12-31", "14");

insert into Team values 
	("Programmazione 1","P1","TPKCRZ46M58L296H","WDCQWP38E58Z903C"),
    ("Matematica Discreta","MD","LTBHML55A53E258T","WDCQWP38E58Z903C"),
    ("Architettura degli Elaboratori","ADE","PGCXGW68H54I625K","WDCQWP38E58Z903C"),
    ("Metodi Matematici","MMI","CRZHKH67S66B238O","WDCQWP38E58Z903C"),
    ("Programmazione Strutture dati","PSD","JZZPQZ41T10C525P","WDCQWP38E58Z903C"),
    ("Analisi 1","A1","HDPKDP51E09M126Y","WDCQWP38E58Z903C"),
    ("Basi di Dati","BD","GHPBTQ35B10I813B","WDCQWP38E58Z903C"),
    ("Sistemi Operativi","SO","XPNCZH82A02G684B","WDCQWP38E58Z903C"),
    ("Programmazione Object Oriented","POO","XBZLFR68E07B533H","WDCQWP38E58Z903C"),
    ("Programmazione ed Algoritmi","PA","PCZNDG81R52D102W","WDCQWP38E58Z903C"),
    ("Tecnologie per il Web","TSW","GHHDTM74A42D251I","WDCQWP38E58Z903C"),
    ("Statistica","S","SPAPCD98R45A176X","WDCQWP38E58Z903C"),
    ("Reti di Calcolatori","RC","HZQFNZ93M01I065M","WDCQWP38E58Z903C"),
    ("Ingegneria del Software","IS","PNKVRT80C68G309T","WDCQWP38E58Z903C");

insert into Player values 
	("FRGRVN68H10A552U","Programmazione 1","Support","000001", "Paolo", "Apostolico", "NekOwneD"),
    ("DNFLNS49L06D201X","Programmazione 1","MidLaner","000002", "David","Chirila" ,"DepressedIrl"),
    ("DBZDST95R51C577N","Programmazione 1","Jungler","000003","Gabriele Maria","Pipit√≤" ,"GSA Lucifer"),
    ("BGTZBB39B50E485Y","Programmazione 1","TopLaner", "000004","Emanuele", "De Rosa","Phaeris faeris"),
	("GRNFLR81S49E810E","Programmazione 1","ADC","000005", "Sebastiano","Calabretta","Imperatore Nerone"),
	("BDNGST39R56D179F","Matematica Discreta","MidLaner","000006", "Mirko", "Pacella","Okurim"), 
	("LWNXYV96H41D894U","Architettura degli Elaboratori","MidLaner","000007","Aldo","Tarantino","M3zzoSangu3"),
	("FCVSQL57A10I992W","Matematica Discreta","ADC","000008","Ciro", "Maiorino","Tekhorror"),
	("RWVMHF63R23H910J","Architettura degli Elaboratori", "Jungler","000009","Mirko","Esposito","Worst Jun Euw"),
	("ZGFVTF29S01L715U","Matematica Discreta","Support","000010","Mariangela","Iannone","Lunage"),
	("HMNDPL84A45F326G","Metodi Matematici","MidLaner","000011","Alessandro","Ming","xRapidDeathx"),
	("RWYHDS91S45E273E","Matematica Discreta","Jungler","000012","Fabio","Maiorano","Safari"),
	("QSLGQK53S11C367H","Architettura degli Elaboratori","TopLaner","000013","Daniel","Lauri","Aki"),
	("KMVBFN68M59G645A","Metodi Matematici","TopLaner","000014","Matteo","Faoro","Cohle"),
	("SJVQFS77C62H824Z","Architettura degli Elaboratori","ADC","000015","Mattia","Fazzalaro","DrMatt"),
	("CJPTSU81T71H039L","Architettura degli Elaboratori","Support","000016","Vittorio","Massolo","Click"),
	("MQSBRM81D20G852C","Metodi Matematici","Support","000017","Sergi","Ruiz","Simpy"),
	("NLKMMY42T64B062K","Metodi Matematici","ADC","000018","Pierpaolo","Oliva","Saddy"),
	("PBMCVB92D07H812K","Matematica Discreta","TopLaner","000019","Gabriel","Olivieri","Gabbo"),
	("WGSBDB93M48L027P","Metodi Matematici","Jungler","000020","Yuehao","Jiang","Tutu"),
	("RVLNDP39C71D550O","Programmazione Strutture dati","ADC","000021","Daniel","Liguori","Unbannedx"),
	("SPLFHW73M07I411S","Architettura degli Elaboratori","TopLaner","000022","Silverio","Masi","Deidara"),
	("DXNYPR76B07E914N","Analisi 1","ADC","000023","Riccardo","Tata","Rharesh"),
	("VDTRLD49A05L515R","Programmazione Strutture dati","MidLaner","000024","Alessio","Caraccini","Havoc"),
	("VSXGBS75P55H313M","Basi di Dati","ADC","000025","Antonio","Chiello","Bookie"),
	("FPRNNG93B19F657H","Programmazione Strutture dati","TopLaner","000026","Alessandro","Torresi","Skar"),
	("GHVXJI88D61B332K","Analisi 1","MidLaner",000027,"Feint","Alvise","Bruni"),
	("SZCSGE41B58G837C","Programmazione Strutture dati","Jungler",000028,"Lorenzo","Marzi","Demon"),
	("TJAPTP58R04F597U","Analisi 1","TopLaner","000029","Gianmarco","Bastianelli","Belze"),
	("SPDVDS40B41L210H","Analisi 1","Jungler","000030","Zhiqiang","Zhao","Shadow"),
	("KDJPCZ81A13Z142E","Sistemi Operativi","ADC","000031","Xavier","Zuczkowski","Saviero"),
	("MZETDM37T67F739F","Programmazione Strutture dati","Support","000032","Marco","Pinza","Shield"),
	("XKNVGL74H02L985Q","Basi di Dati","Jungler","000033","Simone","Padalino","TorinoErMejo"),
	("YVSMTF34A70B499S","Sistemi Operativi","Jungler","000034","Fabio","Cantelmo","Varkia"),
	("RMFJRO66E58F318U","Analisi 1","Support","000035","Luca","Brizzante","Brizz"),
	("FGHGTD76A68L364L","Programmazione Object Oriented","ADC","000036","Ettore","Barcella","Gotrek"),
	("BXPYGM38R44B494L","Tecnologie per il Web","Jungler","000037","Lorenzo","Marzi","Demon12"),
	("RHNSZW41S26F243C","Basi di Dati","TopLaner","000038","Gabriel","Olivieri","Gabbo"),
	("FKFHLH97A70F372L","Basi di Dati","MidLaner","000039","Matteo","Faoro","Cohle"),
	("ZDTXKZ73B07F277F","Basi di Dati","Support","000040","Vittorio","Massolo","Click"),
	("LJGMBM91R20I155H","Programmazione ed Algoritmi","ADC","000041","Luca","Valla","Guilty"),
	("FBFZXM35D07C142G","Sistemi Operativi","Support","000042","Marcello","Morini","Sabbath"),
	("MXDNBQ96M24E989F","Sistemi Operativi","MidLaner","000043","Alessandro","Chen","K4z√πki"),
	("JRRJQK94E58L239N","Programmazione Object Oriented","Support","000044","Camilla","Ferrari","Millalol"),
	("DSPLSM33C52G682S","Programmazione ed Algoritmi","Support","000045","Stefano","Mortillaro","Drago"),
	("JRDJQK74E58L245A","Tecnologie per il Web","ADC","000046","Giacomo","Manconi","Counter"),
	("TZRTGY88S06E558S","Programmazione Object Oriented","TopLaner","000047","Gioele","Romano","Unfail"),
	("ZNKPZT83D64A392E","Sistemi Operativi","TopLaner","000048","Matteo","Scarcelli","Vigil"),
	("KYWTGF43S42C638D","Programmazione Object Oriented","Jungler","000049","Leonardo","Orzes","Shiziy"),
    ("RZDGTX59B53I914A","Tecnologie per il Web","Support","000051","Shredder","Gabriele","Iannarelli"),
	("DMAPQD76L61C841Y","Tecnologie per il Web","TopLaner","000052","Inhuman Kite","Samuele","Canderan"),
	("FRZZJB98P51M018O","Programmazione Object Oriented","MidLaner","000053","DejaVu","Andrea","Declara"),
	("KFMDNE53L09L581V","Statistica","ADC","000054","Ciglio","Alessandro","Biglioli"),
	("BDLGCM87M52F405H","Statistica","Jungler","000055","Crazy Pazzo","Patrick","Silvestri"),
	("HPGPJM30H13C793G","Tecnologie per il Web","MidLaner","000056","Animale","Nicholas","Matterazzo"),
	("PVGFJS40M42B688G","Statistica","TopLaner","000057","Taba","Stefano","Tabarelli"),
	("NCNTZP74T59B584J","Programmazione ed Algoritmi","Jungler","000058","Sick","Alessandro","Bonanni"),
	("MMFXZI42E43B529J","Statistica","MidLaner","000059","Gama","Mauro","Bruno"),
	("QBIRHF85L04B595I","Programmazione ed Algoritmi","TopLaner","000060","M√†xus","Marco","Ferlito"),
	("KDWZTM27E17L278D","Statistica","Support","000061","Chrodino","Marco","Olivero"),
	("SFBLLJ52E42E669Q","Reti di Calcolatori","ADC","000062","Codigo","Andrea","Gennari"),
	("FMFBCS65E31F399G","Reti di Calcolatori","Support","000063","Apecarro","Luca","Penatti"),
	("NWPSTS38L48E695W","Reti di Calcolatori","TopLaner","000064","Serenity","Tommaso","Iacobellis"),
	("YQTVLR81M46H173S","Ingegneria del Software","ADC","000065","Triforce","Matteo","Vicentini"),
	("KDLZTM22E17L277D","Reti di Calcolatori","Jungler","000066","Haaard","Bogdan Alexandru","Maxim"),
	("MPHFVW59T50C591X","Reti di Calcolatori","MidLaner","000067","RussBear","Matteo","Pinna"),
	("NKCXDW82H28D589J","Ingegneria del Software","Jungler","000068","Bartholdy","Nickolai","Bartholdy"),
	("FPSDMA30C30B848Q","Ingegneria del Software","TopLaner","000069","Marex","Alexis","Girat"),
	("DSPLSM33C52G672S","Ingegneria del Software","MidLaner","000070","Degh","Oleksandr","Degtyarov"),
	("DSPLSM33C52G782S","Programmazione ed Algoritmi","MidLaner","000071","Zoiren","Michal","Z√≠ka");
    
insert into Sponsor values
	("Samsung", "WDCQWP38E58Z903C"),
	("Triggiani S.P.A", "WDCQWP38E58Z903C"),
    ("Louis Vuitton", "WDCQWP38E58Z903C"),
    ("Racer", "WDCQWP38E58Z903C"),
    ("Nintendo", "WDCQWP38E58Z903C"),
    ("Kojima Production","WDCQWP38E58Z903C"),
    ("Hp", "WDCQWP38E58Z903C"),
    ("Nvidia", "WDCQWP38E58Z903C"),
    ("Amd", "WDCQWP38E58Z903C"),
    ("Blue Jeans", "WDCQWP38E58Z903C"),
    ("Gray Hat", "WDCQWP38E58Z903C"),
	("Quaderno Rosso", "WDCQWP38E58Z903C");
insert into Partecipa values 
	("Analisi 1","4"),
    ("Analisi 1","3"),
    ("Analisi 1","1"),
    ("Programmazione 1","1"),
    ("Sistemi Operativi","1"),
    ("Programmazione 1","3"),
    ("Sistemi Operativi","3"),
    ("Matematica Discreta","1"),
    ("Programmazione 1","4"),
    ("Analisi 1","2"),
    ("Sistemi Operativi","4"),
    ("Matematica Discreta","3"),
    ("Programmazione 1","2"),
    ("Sistemi Operativi","2"),
    ("Architettura degli Elaboratori","1"),
    ("Matematica Discreta","4"),
    ("Matematica Discreta","2"),
    ("Architettura degli Elaboratori","4"),
    ("Architettura degli Elaboratori","2"),
    ("Architettura degli Elaboratori","3"),
    ("Tecnologie per il Web","4"),
    ("Programmazione Strutture dati","4"),
    ("Tecnologie per il Web","2"),
    ("Reti di Calcolatori","4"),
    ("Tecnologie per il Web","3"),
    ("Statistica","4"),
    ("Metodi Matematici","4"),
    ("Programmazione Strutture dati","2"),
    ("Reti di Calcolatori","2"),
    ("Programmazione ed Algoritmi","4"),
    ("Basi di Dati","4"),
    ("Programmazione Strutture dati","3"),
    ("Statistica","3"),
    ("Tecnologie per il Web","1"),
    ("Programmazione Strutture dati","1"),
    ("Reti di Calcolatori","1"),
    ("Statistica","1"),
    ("Reti di Calcolatori","3"),
    ("Statistica","2"),
    ("Metodi Matematici","1"),
    ("Programmazione ed Algoritmi","1"),
    ("Ingegneria del Software","4"),
    ("Programmazione ed Algoritmi","2"),
    ("Programmazione Object Oriented","4"),
    ("Basi di Dati","1"),
    ("Metodi Matematici","3"),
    ("Programmazione ed Algoritmi","3"),
    ("Basi di Dati","3"),
    ("Ingegneria del Software","2"),
    ("Ingegneria del Software","1"),
    ("Ingegneria del Software","3"),
    ("Basi di Dati","2"),
    ("Programmazione Object Oriented","2"),
    ("Programmazione Object Oriented","1"),
    ("Programmazione Object Oriented","3");
    
insert into UserTable values
	("admin","admin",1),
    ("Prova","user",0)
; 
-- select* from Torneo ;